tweet,username,date,likes,retweets,url,cluster
@fact_covid Not sure I fully understand it all...some saying basically all restrictions end on June 21st but can't‚Ä¶ https://t.co/K7RI5Jt6h0,mrstevenjones1,Mon Feb 22 17:45:56 +0000 2021,0,0,https://twitter.com/twitter/statuses/1363907894299815941,1.0
My sister teacher Jss said her family got the vaccine shot &amp; the next day they had a fever &amp; ended up having Covid.,trxiave,Mon Feb 22 17:45:48 +0000 2021,0,0,https://twitter.com/twitter/statuses/1363907858551738370,1.0
"@Wadjet_Trauben Thanks for enquiringü•∞
Overseas sales are currently under preparationüò≠üí¶ It is scheduled to go on sal‚Ä¶ https://t.co/6vUyXvFsjp",Ophelia_Dept,Mon Feb 22 17:45:40 +0000 2021,0,0,https://twitter.com/twitter/statuses/1363907825466896390,0.0
Pandemic outweighs riots for crime stats https://t.co/Hvb7sd1UCT via @Santa Monica Daily Press,Gailrgordon,Mon Feb 22 17:45:22 +0000 2021,0,0,https://twitter.com/twitter/statuses/1363907749684391937,0.0
Another 824 Hoosiers Test Positive with¬†COVID-19 https://t.co/eQyUG6ifOL,INtricountynews,Mon Feb 22 17:44:55 +0000 2021,0,0,https://twitter.com/twitter/statuses/1363907636404494336,0.0
"No, they can use their immune system.",Boston1767,Mon Feb 22 17:44:51 +0000 2021,0,0,https://twitter.com/twitter/statuses/1363907618994073601,1.0
"@NHSLanarkshire 
I‚Äôm on the shielding list and still haven‚Äôt received a letter in spite of contacting my GP and the‚Ä¶ https://t.co/HDbRdqlfwY",RatBagCatBag1,Mon Feb 22 17:43:57 +0000 2021,0,0,https://twitter.com/twitter/statuses/1363907394892427267,0.0
we really need to stop joking about stuff cos this pandemic has humbled us differently üò≠,aqsaaa_amin,Mon Feb 22 17:43:16 +0000 2021,0,0,https://twitter.com/twitter/statuses/1363907222795878401,1.0
My husband is getting his vaccine on friday...yay!!,only1lucylocket,Mon Feb 22 17:43:16 +0000 2021,0,0,https://twitter.com/twitter/statuses/1363907220631670796,1.0
"stories like these 
don't boost confidence in surgeons and their teams:

A woman contracted COVID-19 and died last‚Ä¶ https://t.co/Z6goNsuFVq",MBMcDnld,Mon Feb 22 17:43:11 +0000 2021,0,0,https://twitter.com/twitter/statuses/1363907202424049666,1.0
I can not even imagine the series of events that would lead me to getting body slammed into a wet bar bathroom floo‚Ä¶ https://t.co/rPJM6Iup9v,thecla923,Mon Feb 22 17:42:45 +0000 2021,0,0,https://twitter.com/twitter/statuses/1363907090692112386,0.0
Why are they deleting all the information off the Internet about Covid vaccine deaths and complications and side effects?,Ann70712291,Mon Feb 22 17:41:47 +0000 2021,0,0,https://twitter.com/twitter/statuses/1363906848936644611,1.0
And with his usual smileüëç,RonHaacke,Mon Feb 22 17:41:28 +0000 2021,0,0,https://twitter.com/twitter/statuses/1363906768095559681,0.0
"Has someone you know experienced domestic abuse during the pandemic?ü§îüè† 

Did you feel able to support them?ü§î 

üëâ By‚Ä¶ https://t.co/jqAGvQapo4",VOGCouncil,Mon Feb 22 17:41:00 +0000 2021,0,0,https://twitter.com/twitter/statuses/1363906650231300102,1.0
@SKGov Was the north battleford death a vaccine death?,RossCam91226240,Mon Feb 22 17:40:38 +0000 2021,0,0,https://twitter.com/twitter/statuses/1363906557860192257,0.0
@kronayne ‚ÄúVaccine road show‚Äù = recall PR mitigation,antifah_Q,Mon Feb 22 17:39:54 +0000 2021,0,0,https://twitter.com/twitter/statuses/1363906374816567302,1.0
Just booked my covid vaccine‚ú®,BADDST_TEEKS,Mon Feb 22 17:39:44 +0000 2021,0,0,https://twitter.com/twitter/statuses/1363906331359477765,1.0
Housing Prices 1.8% Higher than Before the Pandemic | v√≠a @BrainsreNews - https://t.co/Lo4isLIUxY,BrainsreNews,Mon Feb 22 17:38:14 +0000 2021,0,0,https://twitter.com/twitter/statuses/1363905953272324097,0.0
"@StephanieKusie If the CPC wants a chance at making thibns right, start now. Ivermectin is working like a miracle a‚Ä¶ https://t.co/tk9X4e8uKv",Vidallena_,Mon Feb 22 17:37:57 +0000 2021,0,0,https://twitter.com/twitter/statuses/1363905883999117313,0.0
@elchapo0101 Not a chance. This vaccine rollout gives an 85-90% protection again hospital admissions. Which is the key factor in lockdowns.,VintageHleb23,Mon Feb 22 17:37:53 +0000 2021,0,0,https://twitter.com/twitter/statuses/1363905866014023682,2.0
"‚ÄúPlease continue to take all precautions"": Navajo Nation #COVID19 cases at 29,535 as of February 21, 2020. 

2 deat‚Ä¶ https://t.co/DXPwvwCdTX",indianz,Mon Feb 22 17:37:14 +0000 2021,0,0,https://twitter.com/twitter/statuses/1363905703442792448,0.0
"Good in them.. If only more would do it, ...
There are more of us than Them.",1NickMill,Mon Feb 22 17:37:12 +0000 2021,0,0,https://twitter.com/twitter/statuses/1363905696933285888,1.0
Like damn I understand we in a pandemic but everything ain‚Äôt covid,_Jakiyab,Mon Feb 22 17:36:29 +0000 2021,0,0,https://twitter.com/twitter/statuses/1363905514061656064,1.0
"I know this gives off ‚Äúdo you know who I am‚Äù vibes but she has a point. When can the rest of us (not elderly, not i‚Ä¶ https://t.co/hjqDpoPO3y",girl_in_spanish,Mon Feb 22 17:35:57 +0000 2021,0,0,https://twitter.com/twitter/statuses/1363905380535959554,1.0
thinking about you did it! coronavirus ‚ù§Ô∏è https://t.co/Lbl9ENifhX,froggybuckley,Mon Feb 22 17:35:57 +0000 2021,0,0,https://twitter.com/twitter/statuses/1363905379911012355,1.0
@grantshapps @CCHQPress @BorisJohnson WE WILL NOT COMPLY with you @CONservatives NAZIS and you NAZI plan for NAZI I‚Ä¶ https://t.co/0ubD1IyyI7,liarpoliticians,Mon Feb 22 17:35:49 +0000 2021,0,0,https://twitter.com/twitter/statuses/1363905345249300486,0.0
@RaffRocca @damowill Because we don't have what they have &amp; won't have it anytime soon. So you work with what you h‚Ä¶ https://t.co/43TlVdCcVL,DanielButlerFG,Mon Feb 22 17:35:39 +0000 2021,0,0,https://twitter.com/twitter/statuses/1363905305126567937,0.0
"@Ald19Dr @AlisonHammond Sorry, that link didn't work, try this

https://t.co/U1rcFRdeis",DwWork2,Mon Feb 22 17:34:51 +0000 2021,0,0,https://twitter.com/twitter/statuses/1363905104311705608,2.0
"What pisses me off about these airfare posts is that as soon as the pandemic is over, prices gonna shoot up in the‚Ä¶ https://t.co/rghL9YWXxA",Foxy_Contin,Mon Feb 22 17:34:42 +0000 2021,0,0,https://twitter.com/twitter/statuses/1363905063928946695,0.0
"@RShivshankar https://t.co/LjhqxlraXT

I weigh in on the mental health ramifications of COVID-19 for an invited art‚Ä¶ https://t.co/aevtAKJjTX",alokvkulkarni,Mon Feb 22 17:34:11 +0000 2021,0,0,https://twitter.com/twitter/statuses/1363904936069619712,0.0
"was really holding out on daft punk touring after this pandemic. fucking hell.

love those robot lads, thanks for the good memories",TheHandofD10S,Mon Feb 22 17:33:56 +0000 2021,0,0,https://twitter.com/twitter/statuses/1363904873041780747,0.0
Unbelievable üòà,renewhite11,Mon Feb 22 17:33:48 +0000 2021,0,0,https://twitter.com/twitter/statuses/1363904839357497347,2.0
"@DeItaone The pandemic has a lot of life left for blaming the inefficient, unfair, and destructive monetary policies currently in place.",mmtaylor15,Mon Feb 22 17:33:45 +0000 2021,0,0,https://twitter.com/twitter/statuses/1363904827877646348,0.0
"Crap that happens when you put men in uniforms
#ACAB",megzie0925,Mon Feb 22 17:33:44 +0000 2021,0,0,https://twitter.com/twitter/statuses/1363904824564064263,0.0
"Quebec reports 805 new coronavirus cases, 11 additional deaths - #Coronavirus_News - Quebec is reporting 805 new ca‚Ä¶ https://t.co/MdbXiq9PeY",iWeller_health,Mon Feb 22 17:33:06 +0000 2021,0,0,https://twitter.com/twitter/statuses/1363904664329052161,0.0
The party of lies.,GaterMit,Mon Feb 22 17:32:58 +0000 2021,0,0,https://twitter.com/twitter/statuses/1363904630506344452,1.0
"A day that will live in infamy:

Today the United States closed in on the staggering milestone of 500,000 COVID-19‚Ä¶ https://t.co/noilWhdObS",learn2playrugby,Mon Feb 22 17:31:32 +0000 2021,0,0,https://twitter.com/twitter/statuses/1363904267979878402,0.0
@MeghanMcCain I don‚Äôt agree with much of anything you say but on this one we are on the exact same page. The guy is‚Ä¶ https://t.co/UHWPizUKbq,NOSE1946,Mon Feb 22 17:31:02 +0000 2021,0,0,https://twitter.com/twitter/statuses/1363904141626650630,1.0
"@obshoreline22 @BIGNESS9 @disclosetv To some idiots, it scares them that they are wrong. Just change your mind and‚Ä¶ https://t.co/xOdD42Nwfg",PleebsV,Mon Feb 22 17:30:59 +0000 2021,0,0,https://twitter.com/twitter/statuses/1363904132088668160,2.0
"Thanks, I hate it.",Intersection911,Mon Feb 22 17:30:40 +0000 2021,0,0,https://twitter.com/twitter/statuses/1363904052594049026,1.0
@afneil Vaccine passports are not essential to restart limited international travel to countries that have all but‚Ä¶ https://t.co/h9ckg7mFrU,oharach,Mon Feb 22 17:30:35 +0000 2021,0,0,https://twitter.com/twitter/statuses/1363904027864535042,1.0
Learn how to shift your digital marketing strategy during the COVID-19 pandemic! üíª Register for a webinar on Wednes‚Ä¶ https://t.co/mHBNLD9VyH,CBRbiz,Mon Feb 22 17:30:25 +0000 2021,0,0,https://twitter.com/twitter/statuses/1363903988119306244,0.0
"Lynwood Centennial Celebrates Black History Month

Resident Percy Brown is a space exploration pioneer. Before the‚Ä¶ https://t.co/6BaeeekWVU",MyLynwoodca,Mon Feb 22 17:30:11 +0000 2021,0,0,https://twitter.com/twitter/statuses/1363903927851376642,0.0
Latest update for UK Nationals in Bulgaria üáßüá¨ on how to access COVID-19 vaccines.‚Å¶‚Å¶@UKinBulgaria‚Å©  https://t.co/MnScFQ06df,RobDixonHMA,Mon Feb 22 17:30:02 +0000 2021,0,0,https://twitter.com/twitter/statuses/1363903890547212297,1.0
"Navigating the pandemic, and the streets of Turin, with @Google.

https://t.co/vC5OC7v4o5 https://t.co/QfMufMgI0X",shotscreative,Mon Feb 22 17:30:00 +0000 2021,0,0,https://twitter.com/twitter/statuses/1363903882733051908,0.0
@KatzOnEarth I bought a set 2 weeks ago. It's helping a lot to lift heavy weights while waiting for the pandemic to get under control.,IzabelaKaramia,Mon Feb 22 17:29:06 +0000 2021,0,0,https://twitter.com/twitter/statuses/1363903655188004867,1.0
"22-FEBRUARY-2021
KUWAIT COVID-19 CASES

New Test : 6,851

Active Cases: 10,758
‚Äî‚Äî‚Äî‚Äî‚Äî‚Äî‚Äî-
NEW CASES
Detected: 899
Dea‚Ä¶ https://t.co/HokQU1gdnC",HeadlineKwt,Mon Feb 22 17:28:30 +0000 2021,0,0,https://twitter.com/twitter/statuses/1363903504016953345,0.0
"Something or someone needs to further investigate this, how long should we let him keep killing Floridians everywhe‚Ä¶ https://t.co/O8x0hO543G",jilimac77,Mon Feb 22 17:28:29 +0000 2021,0,0,https://twitter.com/twitter/statuses/1363903503232548869,1.0
Director of care home with worst COVID-19 death toll in B.C. resigns https://t.co/b4RiQx3dea,CastlegarNews,Mon Feb 22 17:28:02 +0000 2021,0,0,https://twitter.com/twitter/statuses/1363903386236583939,1.0
"""From Koreatown in Los Angeles to Greenwich Village in New York City, Asians have been harassed, pushed, spit upon‚Ä¶ https://t.co/xmydPv514z",CourierAmie,Mon Feb 22 17:27:14 +0000 2021,0,0,https://twitter.com/twitter/statuses/1363903188538122246,0.0
tweet,username,date,likes,retweets,url,cluster
Sour Grapes backfiring badly,Richard170348,Mon Feb 22 17:46:03 +0000 2021,0,0,https://twitter.com/twitter/statuses/1363907923991216135,2.0
"@InvesysCapital Observe tha news flow. 
1. Suddenly Politician are talking about new cases 
2. Then some of them ge‚Ä¶ https://t.co/ytwX98yDGm",TurtleWay1819,Mon Feb 22 17:46:03 +0000 2021,0,0,https://twitter.com/twitter/statuses/1363907921331986432,0.0
The #COVID19 pandemic has affected #neuroscientists seeking postdoc or faculty positions as they are faced with hir‚Ä¶ https://t.co/MhhLhCkMyk,SfNtweets,Mon Feb 22 17:46:02 +0000 2021,0,0,https://twitter.com/twitter/statuses/1363907920006676481,0.0
What's worst about how the UK has handled this pandemic is the way its driven divides between people and I'm not ev‚Ä¶ https://t.co/8QI5LZDpdZ,Jontys_Corner,Mon Feb 22 17:46:03 +0000 2021,0,0,https://twitter.com/twitter/statuses/1363907921139105808,0.0
"Next time you make a quick stop downtown to grab food or other supplies, keep a look out for the curbside pickup si‚Ä¶ https://t.co/2hXu57zZo1",JohnstownColo,Mon Feb 22 17:46:02 +0000 2021,0,0,https://twitter.com/twitter/statuses/1363907918505144330,0.0
UN to rich nations: Don‚Äôt undermine Covax vaccine¬†program https://t.co/IS73SS5Br9,Khabrinewsindia,Mon Feb 22 17:46:01 +0000 2021,0,0,https://twitter.com/twitter/statuses/1363907913681575936,1.0
@LiloStainton @NJSpotlightNews @colleenodea @HudCoTweet @GovMurphy should increase vaccine supply to Jersey City an‚Ä¶ https://t.co/2horWgFPKf,garymurphy30,Mon Feb 22 17:46:00 +0000 2021,0,0,https://twitter.com/twitter/statuses/1363907911731326977,1.0
The Do‚Äôs and Don‚Äôts on Social Media for Vaccine Haves and Have-Nots - #GAYNRD https://t.co/f3RFXUqISW,NrdGay,Mon Feb 22 17:46:00 +0000 2021,0,0,https://twitter.com/twitter/statuses/1363907910569451524,1.0
@ya_taiem The reason behind taking the vaccine is for the body to produce antibodies against the virus because you‚Ä¶ https://t.co/DID6cxZCJo,11Shortyjd,Mon Feb 22 17:46:00 +0000 2021,0,0,https://twitter.com/twitter/statuses/1363907909713883136,1.0
"We are your children so don‚Äôt risk the students, there is a disease COVID-19 so protect your children, we are waiti‚Ä¶ https://t.co/f7XSdQi4vE",Mohamad08343861,Mon Feb 22 17:46:00 +0000 2021,0,0,https://twitter.com/twitter/statuses/1363907909302812672,0.0
"Aviation COVID-19: As vaccine inequality worsens, UK calls for vaccination ceasefire  https://t.co/tguz5hy0ck",OfsMax,Mon Feb 22 17:46:00 +0000 2021,0,0,https://twitter.com/twitter/statuses/1363907908447195148,1.0
@MeggyGarol Actor and producer but also love to write (I literally dream in film. I'm working to reach my potential‚Ä¶ https://t.co/A6YpAIi82G,TimothyPeacock4,Mon Feb 22 17:45:59 +0000 2021,0,0,https://twitter.com/twitter/statuses/1363907904483385346,0.0
"Exciting NEWS about COVID-19 Vaccinations in Habersham County!
Governor Brian Kemp announced that Habersham County‚Ä¶ https://t.co/mmjHwBoBGx",HabershamMed,Mon Feb 22 17:45:58 +0000 2021,0,0,https://twitter.com/twitter/statuses/1363907901094584320,1.0
"@lumin8 Ah. Friggin CTV. I will probably never know what it‚Äôs like to own a home, much less two. I struggle to find‚Ä¶ https://t.co/Yssnox6c9M",KJadeYeg,Mon Feb 22 17:45:58 +0000 2021,0,0,https://twitter.com/twitter/statuses/1363907900746305536,2.0
Attention citizens! Your Dept. Of Pandemia regrets to inform you things remain terrible and you all need the vaccin‚Ä¶ https://t.co/4m2HAYuZ3n,AlexBerenson,Mon Feb 22 17:45:57 +0000 2021,0,0,https://twitter.com/twitter/statuses/1363907896883503111,1.0
@VAKruta @rumrac @MeghanMcCain The reality is that no vaccine protects you 100% from contracting the virus.,toots717,Mon Feb 22 17:45:57 +0000 2021,0,0,https://twitter.com/twitter/statuses/1363907895163817989,1.0
"Help slow the spread of #COVID19 and identify at risk cases sooner by self-reporting your symptoms daily, even if y‚Ä¶ https://t.co/453WNH4sOo",beichenberger2,Mon Feb 22 17:45:55 +0000 2021,0,0,https://twitter.com/twitter/statuses/1363907887916077061,0.0
"@WilliamsRuto With due respect sir, you need to check the photos before you post them. It behoves on you as the Dep‚Ä¶ https://t.co/jD0DXVLQBz",MsambwaYa,Mon Feb 22 17:45:55 +0000 2021,0,0,https://twitter.com/twitter/statuses/1363907887354048516,0.0
"Today, Feb. 22nd",sastenio,Mon Feb 22 17:45:54 +0000 2021,0,0,https://twitter.com/twitter/statuses/1363907886095749129,0.0
The US population is forced corrupt CIA-Mossad organized crime linked dynasties like the Clintons and McCains. John‚Ä¶ https://t.co/AwjsdoNiqd,IranianAdvocate,Mon Feb 22 17:45:53 +0000 2021,0,0,https://twitter.com/twitter/statuses/1363907880391487488,0.0
This is how I‚Äôll be sleeping till 21 th June .#lockdown #COVID19 #BoJo #Covid19UK https://t.co/jtT4wLlnEV,bauers97,Mon Feb 22 17:45:52 +0000 2021,0,0,https://twitter.com/twitter/statuses/1363907877237370883,1.0
Government said last year we stood next to the NHS during our fight against covid-19 now we have to fight for testi‚Ä¶ https://t.co/HWclK68uWT,CargillJune,Mon Feb 22 17:45:52 +0000 2021,0,0,https://twitter.com/twitter/statuses/1363907876843122693,0.0
@naomirwolf @randomperson_FA Does anyone know if they are using WHO guidelines for PCR?,onlyrationalth1,Mon Feb 22 17:45:51 +0000 2021,0,0,https://twitter.com/twitter/statuses/1363907873470779392,0.0
"The latest report revealed that BC had 6,600 fewer active businesses operating as of last October compared with a y‚Ä¶ https://t.co/Cz9Xq8ID3N",WorkBC_MRidge,Mon Feb 22 17:45:51 +0000 2021,0,0,https://twitter.com/twitter/statuses/1363907871298048001,0.0
All governments have to address this concern. Funfairs should be treated the same as Theme parks. Showpeople are re‚Ä¶ https://t.co/nWyngtPqXm,RichardlyleSnp,Mon Feb 22 17:45:48 +0000 2021,0,0,https://twitter.com/twitter/statuses/1363907858434252803,0.0
My sister teacher Jss said her family got the vaccine shot &amp; the next day they had a fever &amp; ended up having Covid.,trxiave,Mon Feb 22 17:45:48 +0000 2021,0,0,https://twitter.com/twitter/statuses/1363907858551738370,1.0
Could the cure for COVID-19 lie at the bottom of the ocean? | Living https://t.co/KRjrg8tmCh,Mrkalman,Mon Feb 22 17:45:47 +0000 2021,0,0,https://twitter.com/twitter/statuses/1363907856517525505,0.0
"@jkahn63 @FoxNews And D's response is classic. If you don't like the way he rolls out the vaccine, go to another state &amp; deal.",TiffClina,Mon Feb 22 17:45:47 +0000 2021,0,0,https://twitter.com/twitter/statuses/1363907856047702022,2.0
"What does 500,000 deaths from COVID-19 in the U.S. look like? - National Geographic https://t.co/3EWcFEcsPk",dajami,Mon Feb 22 17:45:46 +0000 2021,0,0,https://twitter.com/twitter/statuses/1363907850507067393,0.0
Vaccine Connector / COVID-19 Updates and Information - State of Minnesota..please pass along to your patients‚Ä¶ https://t.co/cKrn1VmFo6,SashaSkendzel,Mon Feb 22 17:45:45 +0000 2021,0,0,https://twitter.com/twitter/statuses/1363907848082780164,1.0
@ZubyMusic I wish they could do a vaccine against my sister,imonlyhuman83,Mon Feb 22 17:45:45 +0000 2021,0,0,https://twitter.com/twitter/statuses/1363907847994699782,1.0
Age-Friendly Community Grant Applications Now Open https://t.co/YINGzDmO7D @AARPCO @AarpcoMurphy  #COVID„Éº19 #vaccines,LongevityColo,Mon Feb 22 17:45:45 +0000 2021,0,0,https://twitter.com/twitter/statuses/1363907847193391105,0.0
"If you've been running during the pandemic or at least thinking about it, I hope you enjoy this piece https://t.co/mTKEoi2nBw",MichaelAldenFL,Mon Feb 22 17:45:45 +0000 2021,0,0,https://twitter.com/twitter/statuses/1363907847168401412,1.0
"@roxieharrison03 A year and some change. Been helping take care of my grandmother, during this pandemic. Haven't be‚Ä¶ https://t.co/R5vnnqpFs7",NomadPastries,Mon Feb 22 17:45:45 +0000 2021,0,0,https://twitter.com/twitter/statuses/1363907844886659073,2.0
"And today would be my wedding day.

But no, theres a pandemic.

Needs some Fs.",MuttleyRacer,Mon Feb 22 17:45:44 +0000 2021,0,0,https://twitter.com/twitter/statuses/1363907842781151235,1.0
"@Wm_McKenna It seems to me, some people are trying to rush back since the vaccine announcement, but we are far off‚Ä¶ https://t.co/yeZSNGqCjk",JoeWhatsHisName,Mon Feb 22 17:45:43 +0000 2021,0,0,https://twitter.com/twitter/statuses/1363907840373587973,1.0
Don't forget to check out our webinar tomorrow @COVID_E_N_D cc: @TO_dpr @RobbyNieuwlaat @GDCE_McMaster‚Ä¶ https://t.co/ybPkXetZfi,ProulxLaurie,Mon Feb 22 17:45:43 +0000 2021,0,0,https://twitter.com/twitter/statuses/1363907836254781442,0.0
I don't think I wanted a government post before but this changes everything.,Calvin_Ash,Mon Feb 22 17:45:42 +0000 2021,0,0,https://twitter.com/twitter/statuses/1363907835591938052,1.0
Dr Fauci has been under a knife from the former guy until one month ago. This administration has had to start from‚Ä¶ https://t.co/FZl3pfr2Lb,ericduda5,Mon Feb 22 17:45:42 +0000 2021,0,0,https://twitter.com/twitter/statuses/1363907835218771969,1.0
@POTUS @JoeBiden Revealed: Biden Shows Off His High-Tech Basement Lab Where He Invented The COVID Vaccine‚Ä¶ https://t.co/YYNbaCzy1i,annastormz90,Mon Feb 22 17:45:42 +0000 2021,0,0,https://twitter.com/twitter/statuses/1363907834681958400,1.0
@FatEmperor everyone is saying its the vaccine but i think you are saying could be seasonality,eifers1,Mon Feb 22 17:45:42 +0000 2021,0,0,https://twitter.com/twitter/statuses/1363907833507573760,1.0
"Nicola Sturgeon refuses to commit to date for full school return in Scotland, via @janekbradley
https://t.co/tjuavYzKjM",TheScotsman,Mon Feb 22 17:45:41 +0000 2021,0,0,https://twitter.com/twitter/statuses/1363907828667269122,0.0
"@Wadjet_Trauben Thanks for enquiringü•∞
Overseas sales are currently under preparationüò≠üí¶ It is scheduled to go on sal‚Ä¶ https://t.co/6vUyXvFsjp",Ophelia_Dept,Mon Feb 22 17:45:40 +0000 2021,0,0,https://twitter.com/twitter/statuses/1363907825466896390,0.0
@DispatchAlerts You should be ashamed of yourself for putting stories about COVID vaccine availability in Ohio behi‚Ä¶ https://t.co/oQcO4mRTQn,itsmommy,Mon Feb 22 17:45:39 +0000 2021,0,0,https://twitter.com/twitter/statuses/1363907822761746438,1.0
She is such a terrible person. @MeghanMcCain,Rizabellepow,Mon Feb 22 17:45:39 +0000 2021,0,0,https://twitter.com/twitter/statuses/1363907820270333952,1.0
We fcked up about 4 yrs ago,tbqfrank,Mon Feb 22 17:45:38 +0000 2021,0,0,https://twitter.com/twitter/statuses/1363907818051362817,0.0
"no, they haven‚Äôt ALL been vaccinated, plus everyone who hasn‚Äôt had the vaccine is still at risk üò¨",rilxyyyyy,Mon Feb 22 17:45:38 +0000 2021,0,0,https://twitter.com/twitter/statuses/1363907817732796422,1.0
Outdoor Arts are essential to support cultural recovery and to bring communities back together following the trauma‚Ä¶ https://t.co/klzzum28Pb,WWconsortium,Mon Feb 22 17:45:38 +0000 2021,0,0,https://twitter.com/twitter/statuses/1363907817246240776,0.0
"""School administrators must limit risky activities such as indoor sports, they added. 'It‚Äôs not going to be safe to‚Ä¶ https://t.co/SiD6th7CtL",doooronronron,Mon Feb 22 17:45:38 +0000 2021,0,0,https://twitter.com/twitter/statuses/1363907816680005632,0.0
"Prime Minister @BorisJohnson today announces the Government's four step plan to exit lockdown. 

Stay with us as we‚Ä¶ https://t.co/KUENcFb5Rj",Sparkandco_,Mon Feb 22 17:45:36 +0000 2021,0,0,https://twitter.com/twitter/statuses/1363907807985205254,1.0
tweet,username,date,likes,retweets,url,cluster
All governments have to address this concern. Funfairs should be treated the same as Theme parks. Showpeople are re‚Ä¶ https://t.co/nWyngtPqXm,RichardlyleSnp,Mon Feb 22 17:45:48 +0000 2021,0,0,https://twitter.com/twitter/statuses/1363907858434252803,0.0
Could the cure for COVID-19 lie at the bottom of the ocean? | Living https://t.co/KRjrg8tmCh,Mrkalman,Mon Feb 22 17:45:47 +0000 2021,0,0,https://twitter.com/twitter/statuses/1363907856517525505,0.0
"The disease-resistant patients ( aka ""#outliers"", who are  unusually resilient or susceptible to disease) exposing‚Ä¶ https://t.co/Pt5v3s2DR6",skepticafro,Mon Feb 22 17:45:41 +0000 2021,0,0,https://twitter.com/twitter/statuses/1363907831666249731,0.0
"Member News üì∞üóûüè¢    @GMWorkandSkills    @EnterprisingYou

Small business owners praise EnterprisingYou programme for‚Ä¶ https://t.co/45fs6w4rr0",promanchester,Mon Feb 22 17:45:41 +0000 2021,0,0,https://twitter.com/twitter/statuses/1363907830852571141,0.0
@sci_questions Yeah it‚Äôs like there hasn‚Äôt been a pandemic and it‚Äôs still all the same people working on coronavirus,DrNeeltje,Mon Feb 22 17:45:29 +0000 2021,0,0,https://twitter.com/twitter/statuses/1363907780906651650,1.0
Anyone coming to the Excel tomorrow to get their vaccine ? I wanna pull up with gang,MARKSMANMALIK,Mon Feb 22 17:45:26 +0000 2021,0,0,https://twitter.com/twitter/statuses/1363907765140340737,1.0
@Ian04191967 @LBC @eddiemair As they continue to develop the vaccine it may well prevent transmission but for now i‚Ä¶ https://t.co/z4k3Z4vDt3,DJB4ever,Mon Feb 22 17:45:14 +0000 2021,0,0,https://twitter.com/twitter/statuses/1363907714729078788,2.0
"Had a chronic patient with a shot left lung diagnosed with TB today.

Never been happier about a diagnosis -

- cuz‚Ä¶ https://t.co/CsKUDl9DyP",SiR_GaMeZaLoT,Mon Feb 22 17:45:01 +0000 2021,0,0,https://twitter.com/twitter/statuses/1363907661759209472,0.0
@POTUS But Kamala and Biden said the vaccine was rushed and it‚Äôs not safe.  Why do you think millions are not getti‚Ä¶ https://t.co/532jq6xm0I,James60380202,Mon Feb 22 17:44:58 +0000 2021,0,0,https://twitter.com/twitter/statuses/1363907650199633926,1.0
Strange picture choice. Not sure that'll make a difference at the Emptihad. Pandemic. No pandemic. It's always a se‚Ä¶ https://t.co/kKZrR7foNB,indeliblethink1,Mon Feb 22 17:44:46 +0000 2021,0,0,https://twitter.com/twitter/statuses/1363907597720551429,0.0
Pandemic prevention and not torturing animals their entire existence seems a better alternative to eating wings off‚Ä¶ https://t.co/wlJiVl7p1s,quo_vadis_83,Mon Feb 22 17:44:39 +0000 2021,0,0,https://twitter.com/twitter/statuses/1363907567961993220,0.0
@mooshakins @MeghanMcCain Vaccine eligibility is not ranked by higher scores per pound of body fat,Gordonkerr111,Mon Feb 22 17:44:31 +0000 2021,0,0,https://twitter.com/twitter/statuses/1363907536026361859,1.0
Evergreen opinion,signsofaging,Mon Feb 22 17:44:06 +0000 2021,0,0,https://twitter.com/twitter/statuses/1363907431730982915,0.0
Interview is a go for this morning! I think anyway. So excited to hopefully bring some light to a huge problem in W‚Ä¶ https://t.co/0IY5MSHbDO,tia_erwin,Mon Feb 22 17:44:06 +0000 2021,0,0,https://twitter.com/twitter/statuses/1363907430954856449,1.0
"In some ways it is better. I don't think any of us expected and end to restrictions by June 21st.  

I'm one of tho‚Ä¶ https://t.co/fIMLM6ZS6H",Eyecatcher_Pro,Mon Feb 22 17:44:01 +0000 2021,0,0,https://twitter.com/twitter/statuses/1363907411896066055,1.0
Covid-19 claims the life of Team #Italy #softball manager Enrico Obletter https://t.co/MJPUqhsbMj Forza #Italia‚Ä¶ https://t.co/i5YVSnnGOW,ABLblogger,Mon Feb 22 17:43:58 +0000 2021,0,0,https://twitter.com/twitter/statuses/1363907397903781891,1.0
"3. We may want to give those &gt; 80yrs short interval:

""We caution against extending the dose schedule for the Pfize‚Ä¶ https://t.co/GaVf3VZe2C",RogerGalligan,Mon Feb 22 17:43:43 +0000 2021,0,0,https://twitter.com/twitter/statuses/1363907333202587649,0.0
"@portlandmercury But,  how will we know if the vaccine works???

Will the survival rate go up to 99.998%??

https://t.co/87YeUp1Uv6",JohnnyAstro4,Mon Feb 22 17:43:33 +0000 2021,0,0,https://twitter.com/twitter/statuses/1363907292169576448,1.0
Don't they know who MeAgain is?! üòí,Sunny_Day2222,Mon Feb 22 17:43:32 +0000 2021,0,0,https://twitter.com/twitter/statuses/1363907290932383745,1.0
"Honey, that just means you are just like most of the rest of U.S.

Welcome to where we non-white privileged ones li‚Ä¶ https://t.co/7mw3D6mSJf",Mearthe,Mon Feb 22 17:43:32 +0000 2021,0,0,https://twitter.com/twitter/statuses/1363907290802376706,0.0
"Nagpur Sees 710 COVID-19 Cases, 8 Deaths, 437¬†Recoveries https://t.co/J58tSOEGau",Ankush789,Mon Feb 22 17:43:22 +0000 2021,0,0,https://twitter.com/twitter/statuses/1363907245860286465,0.0
"Yes it will.lock down should be maintained at current  level until at least all Vaccination completed, 2 jabs per P‚Ä¶ https://t.co/Dzgtr8MyG3",JohnHughes127,Mon Feb 22 17:43:21 +0000 2021,0,0,https://twitter.com/twitter/statuses/1363907243767443459,1.0
@POTUS But Kamal and Biden said the vaccine was rushed and it‚Äôs not safe.  Why do you think millions are not gettin‚Ä¶ https://t.co/naT7XaJqDa,James60380202,Mon Feb 22 17:43:17 +0000 2021,0,0,https://twitter.com/twitter/statuses/1363907224402354178,1.0
Trigg County Hospital has received 400 Moderna COVID-19 vaccinations and will be distributing them beginning Tuesda‚Ä¶ https://t.co/MxdLUl9C2a,StormyClaussen,Mon Feb 22 17:42:57 +0000 2021,0,0,https://twitter.com/twitter/statuses/1363907144018497542,1.0
Trigg County Hospital has received 400 Moderna COVID-19 vaccinations and will be distributing them beginning Tuesda‚Ä¶ https://t.co/Tb7TTWLGER,WKDZ,Mon Feb 22 17:42:57 +0000 2021,0,0,https://twitter.com/twitter/statuses/1363907141430575105,1.0
Effectiveness of first dose of COVID-19 vaccines against hospital admissions in Scotland: national prospective coho‚Ä¶ https://t.co/htbPfIKLnX,felly500,Mon Feb 22 17:42:54 +0000 2021,0,0,https://twitter.com/twitter/statuses/1363907128201777166,1.0
@andrew_lilico So what about people with health issues that cannot take the vaccine? Disgusting statement,PippaBird,Mon Feb 22 17:42:48 +0000 2021,0,0,https://twitter.com/twitter/statuses/1363907106433339392,1.0
"@simonk_133 He could sing the song about the vaccine waiting list

üéµWouldn't it be nice if we were older? 
Then we‚Ä¶ https://t.co/F8ZraZYiqe",simontreanor,Mon Feb 22 17:42:43 +0000 2021,0,0,https://twitter.com/twitter/statuses/1363907083666620422,2.0
Filling adderall prescription during pandemic: Me: ‚ÄúNot sure if I have any refills but I think it‚Äôs about time to r‚Ä¶ https://t.co/eOs9xgEV0R,mayfworld,Mon Feb 22 17:42:11 +0000 2021,0,0,https://twitter.com/twitter/statuses/1363906947490062337,0.0
"Throughout the pandemic, Alberta‚Äôs government has been focused on protecting both lives and livelihoods. This inclu‚Ä¶ https://t.co/wJXmBF3Glf",AdrianaLaGrange,Mon Feb 22 17:42:01 +0000 2021,0,0,https://twitter.com/twitter/statuses/1363906908231360516,0.0
@JulienNoizet @belshazzam When is coronavirus season?,cjsnowdon,Mon Feb 22 17:41:55 +0000 2021,0,0,https://twitter.com/twitter/statuses/1363906881207549954,0.0
How about a lethal shot of propofol?,DerylGregory,Mon Feb 22 17:41:52 +0000 2021,0,0,https://twitter.com/twitter/statuses/1363906868062650376,0.0
"@Jopollee @Upyourjunker1 You realise that the 94% is for the Oxford vaccine?

https://t.co/oiy4pjfNNM",tonydr0,Mon Feb 22 17:41:38 +0000 2021,0,0,https://twitter.com/twitter/statuses/1363906811980615682,1.0
@greg_travis What are the dates that map covers? The entire pandemic? Or just a select period?,JustTheFacts37,Mon Feb 22 17:41:38 +0000 2021,0,0,https://twitter.com/twitter/statuses/1363906810323828742,0.0
Me and my view. Going live from the Social Security office on @ITVChannelTV at 6pm to talk about Jersey‚Äôs disabilit‚Ä¶ https://t.co/Hq1epqx9dA,GaryBurgessCI,Mon Feb 22 17:41:32 +0000 2021,0,0,https://twitter.com/twitter/statuses/1363906784990273536,0.0
"You want to donate to a great cause ? How about this , Dtbd Mentoring will begin a fundraiser to push our program d‚Ä¶ https://t.co/z52HEoII3H",D2BD_MENTOR,Mon Feb 22 17:41:31 +0000 2021,0,0,https://twitter.com/twitter/statuses/1363906780091342853,0.0
Pharmacy teams encouraged to support #COVID19 vaccine study. https://t.co/he396nCldi,ICPmagazine,Mon Feb 22 17:41:18 +0000 2021,0,0,https://twitter.com/twitter/statuses/1363906725422780420,1.0
"Not big convention cities, less international tourism. Less hospitality jobs, overall. In a pandemic role reversal,‚Ä¶ https://t.co/imXkJZ8m2v",TraceyRyniec,Mon Feb 22 17:40:41 +0000 2021,0,0,https://twitter.com/twitter/statuses/1363906573123346433,0.0
"500,000 lives.",anchorRicardo,Mon Feb 22 17:39:20 +0000 2021,0,0,https://twitter.com/twitter/statuses/1363906231094673408,0.0
Neither does a Review rule them in . .  no harm in looking at the thing again,ANTONYCLARK15,Mon Feb 22 17:39:15 +0000 2021,0,0,https://twitter.com/twitter/statuses/1363906210567761921,0.0
"@GMB The care home where my father in law resides 14 staff have refused the vaccine.The clue is in the word ""care"".Why do the job?",CabinCruise,Mon Feb 22 17:39:06 +0000 2021,0,0,https://twitter.com/twitter/statuses/1363906171757854724,0.0
"@TheView This is why I don't watch #TheView anymore.
 ‚ÄúThe fact that I, Meghan McCain, COHOST OF THE VIEW, don‚Äôt kn‚Ä¶ https://t.co/PBB67t5uSw",katspjz,Mon Feb 22 17:38:59 +0000 2021,0,0,https://twitter.com/twitter/statuses/1363906142674378755,1.0
"FUCK
OFF
YOU
BABY",meredithmo,Mon Feb 22 17:38:55 +0000 2021,0,0,https://twitter.com/twitter/statuses/1363906128233521155,1.0
"Before the Pandemic happened, this was a night to remember",mylesblackned,Mon Feb 22 17:38:42 +0000 2021,0,0,https://twitter.com/twitter/statuses/1363906071828586501,1.0
Reckless!!!,DeeRobins3,Mon Feb 22 17:38:35 +0000 2021,0,0,https://twitter.com/twitter/statuses/1363906043160453120,2.0
@iwant2gocamping my favorite part of the pandemic was when everyone was dying and nobody had toilet paper,ducklikethebird,Mon Feb 22 17:38:34 +0000 2021,0,0,https://twitter.com/twitter/statuses/1363906037590286343,2.0
Well it‚Äôs interesting that the police services are so respectful of anti-maskers. I find it curious that there is n‚Ä¶ https://t.co/dKwADu4SqX,EllaDumas,Mon Feb 22 17:38:33 +0000 2021,0,0,https://twitter.com/twitter/statuses/1363906035119845378,0.0
Lmfao girl who the fuck are you? @MeghanMcCain,DontCallMeShan,Mon Feb 22 17:38:26 +0000 2021,0,0,https://twitter.com/twitter/statuses/1363906005084631041,1.0
@mtgreenee Lawlessness abounds as the dutiful useless idiots keep pushing the mask and social distancing mantra lik‚Ä¶ https://t.co/GDNG5AjDJi,LizzySurprenant,Mon Feb 22 17:38:13 +0000 2021,0,0,https://twitter.com/twitter/statuses/1363905950831239175,1.0
It's true! The institution I work at is experiencing lower enrollment rates than what were originally anticipated.,davigator2,Mon Feb 22 17:38:07 +0000 2021,0,0,https://twitter.com/twitter/statuses/1363905924692283393,0.0
tweet,username,date,likes,retweets,url,cluster
@KellyO Your trying to make the covid-19 rescue plan cheaper? By how much? I'll be willing to renegotiate... If it'll help our country...,WilliamChagoll2,Mon Feb 22 17:45:43 +0000 2021,0,0,https://twitter.com/twitter/statuses/1363907837034778626,0.0
@markNbrogs @bigbencorrie This time it makes no difference üíô the data from the Pfizer vaccine shows the way out is‚Ä¶ https://t.co/v17G7migyJ,grandadsblue,Mon Feb 22 17:45:42 +0000 2021,0,0,https://twitter.com/twitter/statuses/1363907834585440259,1.0
@SteveHiltonx I‚Äôve been working in school throughout.Whilst the unions views haven‚Äôt always been helpful or true of‚Ä¶ https://t.co/JjKO65aRPE,04_Karen_04,Mon Feb 22 17:45:40 +0000 2021,0,0,https://twitter.com/twitter/statuses/1363907824187822083,0.0
"Air passengers coming from Kerala, Maharashtra to be tasted for Covid-19 https://t.co/xIoco7qYcp",pothashang,Mon Feb 22 17:45:15 +0000 2021,0,0,https://twitter.com/twitter/statuses/1363907719388831748,0.0
@SkyNews So last year got told if restrictions lifted too fast there will be another wave no vaccine which there wa‚Ä¶ https://t.co/SwhS44ogp5,Ralfy74,Mon Feb 22 17:45:14 +0000 2021,0,0,https://twitter.com/twitter/statuses/1363907717962817542,1.0
@ruthmkb @IrfanDhalla I have followed the same pandemic protocols for the last 10 monthes. I don't listen to any ca‚Ä¶ https://t.co/2wSWC2Lx6a,LJMW169,Mon Feb 22 17:45:03 +0000 2021,0,0,https://twitter.com/twitter/statuses/1363907669329907714,0.0
"üåç Worldwide Coronavirus Statistics
Confirmed Cases: 112,100,856 (+146,604)
Recovered: 87,493,983
Deaths: 2,480,676‚Ä¶ https://t.co/KmSFqOyQHV",CovidTweet,Mon Feb 22 17:44:57 +0000 2021,0,0,https://twitter.com/twitter/statuses/1363907644860362758,0.0
Tonight!! Sign on for this COVID-19 vaccine community discussion.,MOWROCKLAND,Mon Feb 22 17:44:48 +0000 2021,0,0,https://twitter.com/twitter/statuses/1363907608403402758,1.0
Vaccine passports or Covid Status Certification as it's now been rebranded is the big fly in the ointment in the‚Ä¶ https://t.co/A2xo65S2CW,mattgrayc64,Mon Feb 22 17:44:45 +0000 2021,0,0,https://twitter.com/twitter/statuses/1363907593492721668,1.0
"You've got #COVID questions, we've got answers. 

Now on our blog - what's next? Light at the end of the tunnel?‚Ä¶ https://t.co/Z9cTAArHMd",DCHMcollab,Mon Feb 22 17:44:18 +0000 2021,0,0,https://twitter.com/twitter/statuses/1363907482406563840,1.0
"Apparently I have a fever the entire day. 37.7C does not sound THAT bad, but since I don‚Äôt develop fever usually it‚Ä¶ https://t.co/ClorZJ13I2",NathanSilkwood,Mon Feb 22 17:44:08 +0000 2021,0,0,https://twitter.com/twitter/statuses/1363907440622903302,0.0
@maradoddsy7 The shambles government are petrified to open up anything until May after the disastrous decision to o‚Ä¶ https://t.co/pXcVL9efPx,ggalavan,Mon Feb 22 17:44:05 +0000 2021,0,0,https://twitter.com/twitter/statuses/1363907428744585216,2.0
@CTVNews Simple truths - The PCR tests are known to return false positives as per the World Health Organization.  T‚Ä¶ https://t.co/RbN3KlDMXq,googoo4gaga6,Mon Feb 22 17:43:56 +0000 2021,0,0,https://twitter.com/twitter/statuses/1363907390626758656,0.0
What a vacuous clown this geezer is.,zipsbazaar,Mon Feb 22 17:43:53 +0000 2021,0,0,https://twitter.com/twitter/statuses/1363907376689123330,2.0
The idea of vaccine passports have floated up again https://t.co/8lqgw0yhxi,CityLifeManc,Mon Feb 22 17:43:51 +0000 2021,0,0,https://twitter.com/twitter/statuses/1363907369202298882,1.0
"Please read my essay: People who wear glasses are 3 times less likely to catch #COVID„Éº19 
https://t.co/aBERAokwPm https://t.co/891VBjQtsV",robertpaulreyes,Mon Feb 22 17:43:49 +0000 2021,0,0,https://twitter.com/twitter/statuses/1363907360192921609,1.0
@TheModernLeper And if cases shoot up again I just know they‚Äôre going to keep pushing ahead with the timetable anyw‚Ä¶ https://t.co/NfoACxhImX,KorgTheBronan,Mon Feb 22 17:43:32 +0000 2021,0,0,https://twitter.com/twitter/statuses/1363907289875427340,0.0
"@shannonrwatts @Patchesor @sunny @MeghanMcCain Well said!  Shame on @MeghanMcCain , if her dad was alive she'd be f‚Ä¶ https://t.co/u3d4AS5gew",aquafun17,Mon Feb 22 17:43:11 +0000 2021,0,0,https://twitter.com/twitter/statuses/1363907198749863941,1.0
"@CTVNews Been saying this all along , one kid to other kids to parents at home and other siblings that maybe going‚Ä¶ https://t.co/LSUAiVa3nO",RHLbrantford,Mon Feb 22 17:42:47 +0000 2021,0,0,https://twitter.com/twitter/statuses/1363907101089742850,1.0
"In Utah I do not fall into the first 5 groups with my age (63) and underlying heart condition (dilated aorta), and‚Ä¶ https://t.co/ZKVz7gcXlR",DLo5705,Mon Feb 22 17:42:45 +0000 2021,0,0,https://twitter.com/twitter/statuses/1363907091119808519,0.0
"@videocelts Do you think this pandemic arrived by accident Joe?

This goes way beyond the Tories and / or the current UK Gov.",StefanoSix7,Mon Feb 22 17:42:20 +0000 2021,0,0,https://twitter.com/twitter/statuses/1363906987705184256,0.0
@MeghanMcCain go away. Just go.,Rotonda1976,Mon Feb 22 17:42:09 +0000 2021,0,0,https://twitter.com/twitter/statuses/1363906939818762240,1.0
How about a lethal shot of propofol?,DerylGregory,Mon Feb 22 17:41:52 +0000 2021,0,0,https://twitter.com/twitter/statuses/1363906868062650376,0.0
"@SchranerBurgen1 Thank you so much for your help and support.

We really voted NLD despite Covid 19 pandemic

We wa‚Ä¶ https://t.co/ZUGJ0ZQYHa",sandarws95,Mon Feb 22 17:41:50 +0000 2021,0,0,https://twitter.com/twitter/statuses/1363906860005269513,2.0
"Nah fam fuck your roadmap
Shut the country down, close the borders, make the fucking vaccine mandatory and actually‚Ä¶ https://t.co/hS69t0FnYK",Mr_Starduck,Mon Feb 22 17:41:47 +0000 2021,0,0,https://twitter.com/twitter/statuses/1363906848567492611,1.0
"#Ÿäÿßÿ±Ÿäÿ≥_ÿßÿ±ÿ¨ŸàŸÉ_ÿßŸÑÿ∑ŸÑÿßÿ®_Ÿáÿ™ŸÖŸàÿ™ Like I just don't get it y'know?
We are the only country that it's minster of education w‚Ä¶ https://t.co/aiXfpBL5u0",gggg88172462,Mon Feb 22 17:41:44 +0000 2021,0,0,https://twitter.com/twitter/statuses/1363906836865417220,1.0
"U.S. nears grim milestone of 500,000 COVID-19¬†deaths https://t.co/CjgOaEUvZD",barasajoel2,Mon Feb 22 17:41:39 +0000 2021,0,0,https://twitter.com/twitter/statuses/1363906813691748355,0.0
This thread has convinced the algorithm that I‚Äôm a stan and now I keep getting served ‚Äúwho‚Äôs winning in a fight‚Äù tw‚Ä¶ https://t.co/Xx1DtbfjYq,erickingdavid,Mon Feb 22 17:41:37 +0000 2021,0,0,https://twitter.com/twitter/statuses/1363906805508751362,0.0
"...and what are they going to do....whine, like usual?  how about getting organized and march on School Boards",EagleFlyHigh3,Mon Feb 22 17:41:31 +0000 2021,0,0,https://twitter.com/twitter/statuses/1363906781618069504,1.0
Maybe because you had the nerve to criticize DR FAUCI what a stupid comment you made as you are not that important‚Ä¶ https://t.co/ON1nz5QzGz,ellamcgow1,Mon Feb 22 17:41:25 +0000 2021,0,0,https://twitter.com/twitter/statuses/1363906756192186372,1.0
"I will call the snowstorm we've had plus the pandemic new name for it: 

Snowvidocalypse

#randomthought",SpiderElla420,Mon Feb 22 17:41:22 +0000 2021,0,0,https://twitter.com/twitter/statuses/1363906741918867458,0.0
The Welsh Government has changed #COVID19 restrictions so you can now exercise outdoors with one person outside you‚Ä¶ https://t.co/sAiEILOPIQ,CV_UHB,Mon Feb 22 17:41:15 +0000 2021,0,0,https://twitter.com/twitter/statuses/1363906714211336196,0.0
COVID-19 after bozza‚Äôs announcement today lmfaooooo man wtf üòÇüòÇüòÇ https://t.co/9n8xlwuDzC,ChilledYT_,Mon Feb 22 17:41:06 +0000 2021,0,0,https://twitter.com/twitter/statuses/1363906675497967617,1.0
"@cnnbrk This is insane. I'm not wearing a mask in 2022. 

This was the whole point of the vaccine.",binge_tweeter,Mon Feb 22 17:41:04 +0000 2021,0,0,https://twitter.com/twitter/statuses/1363906669026148353,1.0
"In order to address the pandemic, Orchard has developed and implemented an Organizational Emergency Preparedness Pl‚Ä¶ https://t.co/bA42bVJLbg",OrchardHealth1,Mon Feb 22 17:40:42 +0000 2021,0,0,https://twitter.com/twitter/statuses/1363906575086288897,0.0
"""What is the biggest change to come out of #Covid19 for #Healthcare"" asks @karaswisher ""Regulatory reform for a) te‚Ä¶ https://t.co/079hh4Vau2",IsabellWelpe,Mon Feb 22 17:40:41 +0000 2021,0,0,https://twitter.com/twitter/statuses/1363906569973473286,0.0
"14 x 17 original painting

#artwork #originalart #forsale 
#mondaymotivation #mondaymood #mondaythoughts #artist‚Ä¶ https://t.co/rjSEZMVqNC",CreativesSma,Mon Feb 22 17:40:34 +0000 2021,0,0,https://twitter.com/twitter/statuses/1363906540948889605,2.0
"So for this annoying church outside Edmonton...

I‚Äôm sorry but are the Mounties just not able to go to Canadian Tir‚Ä¶ https://t.co/9bL5zQlwuh",CrankyCentrist,Mon Feb 22 17:40:27 +0000 2021,0,0,https://twitter.com/twitter/statuses/1363906513195048960,0.0
Excellent assessment regarding vaccine roll out by Sunny Hostin,KayTravel,Mon Feb 22 17:40:27 +0000 2021,0,0,https://twitter.com/twitter/statuses/1363906512473702400,1.0
@Daniel47822224 @broadeyeview @DrEricDing @OurWorldInData The Rafah border crossing was only open approx 40 days a‚Ä¶ https://t.co/bQTlMO2CUH,pdxKatherine,Mon Feb 22 17:40:26 +0000 2021,0,0,https://twitter.com/twitter/statuses/1363906510586220552,2.0
"@GovGianforte To be clear, these numbers are not confirmed by any entity beyond the #Montana Gov's office and his D‚Ä¶ https://t.co/OEI2YrQuO2",Reilly2020,Mon Feb 22 17:40:22 +0000 2021,0,0,https://twitter.com/twitter/statuses/1363906493750239234,0.0
@jossysmithscott But we never said we were getting the vaccine from india,chantipantzi,Mon Feb 22 17:40:19 +0000 2021,0,0,https://twitter.com/twitter/statuses/1363906479057739776,1.0
Let‚Äôs go bozza #BorisJohnson #COVID19 #lockdown2021,BatesDaneb24,Mon Feb 22 17:39:55 +0000 2021,0,0,https://twitter.com/twitter/statuses/1363906379921129473,1.0
"What an arrogant human. Join the club. Finally, a time in your journey of privilege, that you can feel the realitie‚Ä¶ https://t.co/g6tVVF7C90",crimsonian,Mon Feb 22 17:39:44 +0000 2021,0,0,https://twitter.com/twitter/statuses/1363906332043206659,0.0
@FGR_Adam @POTUS The ignorant irresponsible citizen practicing reckless behavior are the one's to blame. Take the V‚Ä¶ https://t.co/Z4NYnOlVDM,MariaRo91813053,Mon Feb 22 17:39:36 +0000 2021,0,0,https://twitter.com/twitter/statuses/1363906297855422469,0.0
Thanks again to @ABC30 for their coverage of last Friday's vaccination clinic for our teachers and staff.‚Ä¶ https://t.co/BHSNgrpJJT,PortervilleUSD,Mon Feb 22 17:39:24 +0000 2021,0,0,https://twitter.com/twitter/statuses/1363906249671151618,1.0
"‚ÄúIt‚Äôs getting pretty frustrating,‚Äù -parents of @SFUnified students  plan to continue ‚ÄúZoom-in‚Äù protests. @sf_dtd pa‚Ä¶ https://t.co/V316evYiVf",arasmusKTVU,Mon Feb 22 17:39:22 +0000 2021,0,0,https://twitter.com/twitter/statuses/1363906239030120451,0.0
"An year ago, no one knew much about COVID, now that we know and have multiple vaccines in hand, holding them back i‚Ä¶ https://t.co/28wwyqR2b8",aniruddha6013,Mon Feb 22 17:39:12 +0000 2021,0,0,https://twitter.com/twitter/statuses/1363906197506695172,1.0
"@EssexPR @Bobilly10 ""done""??
A lot of people don't want to be ""done"", thanks very much. https://t.co/4VBk8e4Cog https://t.co/k4bHwTw1Cd",VickySeal,Mon Feb 22 17:39:08 +0000 2021,0,0,https://twitter.com/twitter/statuses/1363906180981137410,1.0
The pandemic prompted some developers to tap the brakes on new projects. That‚Äôs not the case at Howard Hughes Corp.‚Ä¶ https://t.co/LmONDaWYLN,nreionline,Mon Feb 22 17:39:00 +0000 2021,0,0,https://twitter.com/twitter/statuses/1363906148110397440,0.0
